<?xml version="1.0" encoding="UTF-8"?>
<project-private xmlns="http://www.netbeans.org/ns/project-private/1">
    <editor-bookmarks xmlns="http://www.netbeans.org/ns/editor-bookmarks/2" lastBookmarkId="0"/>
    <open-files xmlns="http://www.netbeans.org/ns/projectui-open-files/2">
        <group>
            <file>file:/C:/Users/giang/OneDrive/Documents/GitHub/PRJ301-MyAssignment/MyProject/src/java/controller/exam/TakeExamController.java</file>
            <file>file:/C:/Users/giang/OneDrive/Documents/GitHub/PRJ301-MyAssignment/MyProject/src/java/controller/employee/UpdateEmployeeController.java</file>
            <file>file:/C:/Users/giang/OneDrive/Documents/GitHub/PRJ301-MyAssignment/MyProject/web/WEB-INF/web.xml</file>
            <file>file:/C:/Users/giang/OneDrive/Documents/GitHub/PRJ301-MyAssignment/MyProject/src/java/controller/exam/ViewGradesController.java</file>
            <file>file:/C:/Users/giang/OneDrive/Documents/GitHub/PRJ301-MyAssignment/MyProject/src/java/controller/exam/StudentViewGradesController.java</file>
            <file>file:/C:/Users/giang/OneDrive/Documents/GitHub/PRJ301-MyAssignment/MyProject/src/java/controller/employee/CreateEmployeeController.java</file>
            <file>file:/C:/Users/giang/OneDrive/Documents/GitHub/PRJ301-MyAssignment/MyProject/src/java/controller/employee/ListEmployeeController.java</file>
            <file>file:/C:/Users/giang/OneDrive/Documents/GitHub/PRJ301-MyAssignment/MyProject/src/java/controller/employee/RemoveEmployeeController.java</file>
            <file>file:/C:/Users/giang/OneDrive/Documents/GitHub/PRJ301-MyAssignment/MyProject/src/java/controller/employee/DetailEmployeeController.java</file>
            <file>file:/C:/Users/giang/OneDrive/Documents/GitHub/PRJ301-MyAssignment/MyProject/src/java/controller/exam/ViewCourseByLecturerController.java</file>
        </group>
    </open-files>
</project-private>
